[
  {
    "original_Name": "Alabama Museum of Natural History",
    "formatted": "427 6th Avenue, Tuscaloosa, AL 35401, United States of America",
    "lat": 33.211843,
    "lon": -87.54397,
    "housenumber": 427,
    "street": "6th Avenue",
    "postcode": 35401,
    "city": "Tuscaloosa",
    "state": "Alabama",
    "id": 1,
    "state_code": "AL"
  },
  {
    "original_Name": "McWane Science Center",
    "formatted": "McWane Science Center, 200 19th Street North, Birmingham, AL 35203, United States of America",
    "lat": 33.5148183,
    "lon": -86.80843675,
    "housenumber": 200,
    "street": "19th Street North",
    "postcode": 35203,
    "city": "Birmingham",
    "state": "Alabama",
    "id": 1,
    "state_code": "AL"
  },
  {
    "original_Name": "Arizona Museum of Natural History",
    "formatted": "Arizona Museum of Natural History, 53 North MacDonald, Mesa, AZ 85201, United States of America",
    "lat": 33.416685900000004,
    "lon": -111.8336575,
    "housenumber": 53,
    "street": "North MacDonald",
    "postcode": 85201,
    "city": "Mesa",
    "state": "Arizona",
    "id": 3,
    "state_code": "AZ"
  },
  {
    "original_Name": "Natural History Museum of Los Angeles County",
    "formatted": "Natural History Museum of Los Angeles County, 900 Exposition Boulevard, Los Angeles, CA 90007, United States of America",
    "lat": 34.01707945,
    "lon": -118.2886906,
    "housenumber": 900,
    "street": "Exposition Boulevard",
    "postcode": 90007,
    "city": "Los Angeles",
    "state": "California",
    "id": 5,
    "state_code": "CA"
  },
  {
    "original_Name": "Raymond M. Alf Museum of Paleontology",
    "formatted": "Raymond M. Alf Museum of Paleontology, 1175 The Loop, Claremont, CA 91711, United States of America",
    "lat": 34.1235192,
    "lon": -117.738851,
    "housenumber": 1175,
    "street": "The Loop",
    "postcode": 91711,
    "city": "Claremont",
    "state": "California",
    "id": 5,
    "state_code": "CA"
  },
  {
    "original_Name": "San Diego Natural History Museum",
    "formatted": "San Diego Natural History Museum, Plaza de Balboa, San Diego, CA 92134, United States of America",
    "lat": 32.732120699999996,
    "lon": -117.1473291,
    "housenumber": "",
    "street": "Plaza de Balboa",
    "postcode": 92134,
    "city": "San Diego",
    "state": "California",
    "id": 5,
    "state_code": "CA"
  },
  {
    "original_Name": "University of California Museum of Paleontology",
    "formatted": "Valley Life Sciences Building, Harmon Way, Berkeley, CA 94720, United States of America",
    "lat": 37.871144,
    "lon": -122.262078,
    "housenumber": "",
    "street": "Harmon Way",
    "postcode": 94720,
    "city": "Berkeley",
    "state": "California",
    "id": 5,
    "state_code": "CA"
  },
  {
    "original_Name": "Denver Museum of Nature and Science",
    "formatted": "Denver Museum of Nature and Science, 2001 Colorado Boulevard, Denver, CO 80205, United States of America",
    "lat": 39.7475479,
    "lon": -104.9429113,
    "housenumber": 2001,
    "street": "Colorado Boulevard",
    "postcode": 80205,
    "city": "Denver",
    "state": "Colorado",
    "id": 6,
    "state_code": "CO"
  },
  {
    "original_Name": "Dinosaur Journey Museum",
    "formatted": "Dinosaur Journey, 550 Jurassic Court, Fruita, CO 81521, United States of America",
    "lat": 39.1515371,
    "lon": -108.7393695,
    "housenumber": 550,
    "street": "Jurassic Court",
    "postcode": 81521,
    "city": "Fruita",
    "state": "Colorado",
    "id": 6,
    "state_code": "CO"
  },
  {
    "original_Name": "Dinosaur National Monument",
    "formatted": "Steamboat Rock, Moffat County, CO 81640, United States of America",
    "lat": 40.531134800000004,
    "lon": -108.9861895,
    "housenumber": "",
    "street": "",
    "postcode": 81640,
    "city": "",
    "state": "Colorado",
    "id": 6,
    "state_code": "CO"
  },
  {
    "original_Name": "Dinosaur Ridge",
    "formatted": "Front Range Overlook, Arthur Lakes Lookout, Rooney Valley, CO 80028, United States of America",
    "lat": 39.6759009,
    "lon": -105.1932562,
    "housenumber": "",
    "street": "Arthur Lakes Lookout",
    "postcode": 80028,
    "city": "",
    "state": "Colorado",
    "id": 6,
    "state_code": "CO"
  },
  {
    "original_Name": "Morrison Natural History Museum",
    "formatted": "Morrison Natural History Museum, 501 CO 8, Morrison, CO 80465, United States of America",
    "lat": 39.64892255,
    "lon": -105.1941098,
    "housenumber": 501,
    "street": "CO 8",
    "postcode": 80465,
    "city": "Morrison",
    "state": "Colorado",
    "id": 6,
    "state_code": "CO"
  },
  {
    "original_Name": "Rocky Mountain Dinosaur Resource Center",
    "formatted": "Rocky Mountain Dinosaur Resource Center, 201 South Fairview Street, Woodland Park, CO 80863, United States of America",
    "lat": 38.9937614,
    "lon": -105.05114,
    "housenumber": 201,
    "street": "South Fairview Street",
    "postcode": 80863,
    "city": "Woodland Park",
    "state": "Colorado",
    "id": 6,
    "state_code": "CO"
  },
  {
    "original_Name": "Dinosaur State Park and Arboretum",
    "formatted": "Dinosaur State Park, 400 West Street, Rocky Hill, CT 06067, United States of America",
    "lat": 41.65028805,
    "lon": -72.65645087,
    "housenumber": 400,
    "street": "West Street",
    "postcode": "06067",
    "city": "Rocky Hill",
    "state": "Connecticut",
    "id": 7,
    "state_code": "CT"
  },
  {
    "original_Name": "Peabody Museum of Natural History",
    "formatted": "Peabody Museum of Natural History, 170 Whitney Avenue, New Haven, CT 06511, United States of America",
    "lat": 41.31603425,
    "lon": -72.92108604,
    "housenumber": 170,
    "street": "Whitney Avenue",
    "postcode": "06511",
    "city": "New Haven",
    "state": "Connecticut",
    "id": 7,
    "state_code": "CT"
  },
  {
    "original_Name": "Delaware Museum of Nature & Science",
    "formatted": "4840 Kennett Pike, Wilmington, DE 19807, United States of America",
    "lat": 39.798375,
    "lon": -75.609896,
    "housenumber": 4840,
    "street": "Kennett Pike",
    "postcode": 19807,
    "city": "Wilmington",
    "state": "Delaware",
    "id": 8,
    "state_code": "DE"
  },
  {
    "original_Name": "National Museum of Natural History",
    "formatted": "National Museum of Natural History, 1000 Madison Drive Northwest, Washington, DC 20560, United States of America",
    "lat": 38.891245,
    "lon": -77.02597012,
    "housenumber": 1000,
    "street": "Madison Drive Northwest",
    "postcode": 20560,
    "city": "Washington",
    "state": "District of Columbia",
    "id": 9,
    "state_code": "DC"
  },
  {
    "original_Name": "Dinosaur World (theme parks)",
    "formatted": "5249 Harvey Tew Road, Plant City, FL 33565, United States of America",
    "lat": 28.0286632,
    "lon": -82.1894966,
    "housenumber": 5249,
    "street": "Harvey Tew Road",
    "postcode": 33565,
    "city": "Plant City",
    "state": "Florida",
    "id": 10,
    "state_code": "FL"
  },
  {
    "original_Name": "IMAG History & Science Center",
    "formatted": "IMAG History & Science Center, 2000 Cranford Avenue, Fort Myers, FL 33916, United States of America",
    "lat": 26.640436049999998,
    "lon": -81.85942796,
    "housenumber": 2000,
    "street": "Cranford Avenue",
    "postcode": 33916,
    "city": "Fort Myers",
    "state": "Florida",
    "id": 10,
    "state_code": "FL"
  },
  {
    "original_Name": "Museum of Dinosaurs and Ancient Cultures",
    "formatted": "The Dinosaur Store, 250 West Cocoa Beach Causeway, Cocoa Beach, FL 32931, United States of America",
    "lat": 28.357385649999998,
    "lon": -80.60997382,
    "housenumber": 250,
    "street": "West Cocoa Beach Causeway",
    "postcode": 32931,
    "city": "Cocoa Beach",
    "state": "Florida",
    "id": 10,
    "state_code": "FL"
  },
  {
    "original_Name": "Orlando Science Center",
    "formatted": "Orlando Science Center and Dr Phillips Cinedome, 777 John Lewkowicz Lane, Orlando, FL 32803, United States of America",
    "lat": 28.572285049999998,
    "lon": -81.36830304,
    "housenumber": 777,
    "street": "John Lewkowicz Lane",
    "postcode": 32803,
    "city": "Orlando",
    "state": "Florida",
    "id": 10,
    "state_code": "FL"
  },
  {
    "original_Name": "Fernbank Museum of Natural History",
    "formatted": "Fernbank Museum of Natural History, 767 Clifton Road Northeast, Atlanta, GA 30307, United States of America",
    "lat": 33.773930050000004,
    "lon": -84.3278358,
    "housenumber": 767,
    "street": "Clifton Road Northeast",
    "postcode": 30307,
    "city": "Atlanta",
    "state": "Georgia",
    "id": 11,
    "state_code": "GA"
  },
  {
    "original_Name": "Tellus Science Museum",
    "formatted": "Tellus Science Museum, 100 Tellus Drive, Cartersville, GA 30120, United States of America",
    "lat": 34.24222625,
    "lon": -84.7709614,
    "housenumber": 100,
    "street": "Tellus Drive",
    "postcode": 30120,
    "city": "Cartersville",
    "state": "Georgia",
    "id": 11,
    "state_code": "GA"
  },
  {
    "original_Name": "Burpee Museum of Natural History",
    "formatted": "737 North Main Street, Rockford, IL 61103, United States of America",
    "lat": 42.277247,
    "lon": -89.08828,
    "housenumber": 737,
    "street": "North Main Street",
    "postcode": 61103,
    "city": "Rockford",
    "state": "Illinois",
    "id": 14,
    "state_code": "IL"
  },
  {
    "original_Name": "Chicago Children's Museum",
    "formatted": "Chicago Children's Museum, 700 East Grand Avenue, Chicago, IL 60611, United States of America",
    "lat": 41.891472,
    "lon": -87.6092029,
    "housenumber": 700,
    "street": "East Grand Avenue",
    "postcode": 60611,
    "city": "Chicago",
    "state": "Illinois",
    "id": 14,
    "state_code": "IL"
  },
  {
    "original_Name": "Field Museum of Natural History",
    "formatted": "Field Museum, 1400 East McFetridge Drive, Chicago, IL 60605, United States of America",
    "lat": 41.866221499999995,
    "lon": -87.61689126,
    "housenumber": 1400,
    "street": "East McFetridge Drive",
    "postcode": 60605,
    "city": "Chicago",
    "state": "Illinois",
    "id": 14,
    "state_code": "IL"
  },
  {
    "original_Name": "The Children's Museum of Indianapolis",
    "formatted": "Childrens Museum, 3000 North Meridian Street, Indianapolis, IN 46208, United States of America",
    "lat": 39.8107733,
    "lon": -86.15751279,
    "housenumber": 3000,
    "street": "North Meridian Street",
    "postcode": 46208,
    "city": "Indianapolis",
    "state": "Indiana",
    "id": 15,
    "state_code": "IN"
  },
  {
    "original_Name": "Museum of World Treasures",
    "formatted": "835 East 1st Street North, Wichita, KS 67202, United States of America",
    "lat": 37.687171,
    "lon": -97.32792,
    "housenumber": 835,
    "street": "East 1st Street North",
    "postcode": 67202,
    "city": "Wichita",
    "state": "Kansas",
    "id": 17,
    "state_code": "KS"
  },
  {
    "original_Name": "University of Kansas Natural History Museum",
    "formatted": "Natural History Museum, 1345 Jayhawk Boulevard, Lawrence, KS 66045, United States of America",
    "lat": 38.9585703,
    "lon": -95.24376483,
    "housenumber": 1345,
    "street": "Jayhawk Boulevard",
    "postcode": 66045,
    "city": "Lawrence",
    "state": "Kansas",
    "id": 17,
    "state_code": "KS"
  },
  {
    "original_Name": "Maryland Science Center",
    "formatted": "Maryland Science Center, 601 Light Street, Baltimore, MD 21230, United States of America",
    "lat": 39.28152155,
    "lon": -76.61217152,
    "housenumber": 601,
    "street": "Light Street",
    "postcode": 21230,
    "city": "Baltimore",
    "state": "Maryland",
    "id": 21,
    "state_code": "MD"
  },
  {
    "original_Name": "Beneski Museum of Natural History",
    "formatted": "11 Barrett Hill Road, Amherst, MA 01002, United States of America",
    "lat": 42.372084,
    "lon": -72.514186,
    "housenumber": 11,
    "street": "Barrett Hill Road",
    "postcode": "01002",
    "city": "Amherst",
    "state": "Massachusetts",
    "id": 22,
    "state_code": "MA"
  },
  {
    "original_Name": "Museum of Comparative Zoology",
    "formatted": "Harvard Museum of Natural History, 26 Oxford Street, Cambridge, MA 02318, United States of America",
    "lat": 42.3784657,
    "lon": -71.115646,
    "housenumber": 26,
    "street": "Oxford Street",
    "postcode": "02318",
    "city": "Cambridge",
    "state": "Massachusetts",
    "id": 22,
    "state_code": "MA"
  },
  {
    "original_Name": "Museum of Science (Boston)",
    "formatted": "Museum of Science, 1 Science Park, Boston, MA 02214, United States of America",
    "lat": 42.367430549999995,
    "lon": -71.07109803,
    "housenumber": 1,
    "street": "Science Park",
    "postcode": "02214",
    "city": "Boston",
    "state": "Massachusetts",
    "id": 22,
    "state_code": "MA"
  },
  {
    "original_Name": "Cranbrook Educational Community",
    "formatted": "Altar of Atonement, 39221 Woodward Avenue, Bloomfield Hills, MI 48304, United States of America",
    "lat": 42.5675141,
    "lon": -83.2433868,
    "housenumber": 39221,
    "street": "Woodward Avenue",
    "postcode": 48304,
    "city": "Bloomfield Hills",
    "state": "Michigan",
    "id": 23,
    "state_code": "MI"
  },
  {
    "original_Name": "Science Museum of Minnesota",
    "formatted": "Science Museum of Minnesota, 120 Riverway stairs, Saint Paul, MN 55102, United States of America",
    "lat": 44.942552899999995,
    "lon": -93.09884248,
    "housenumber": 120,
    "street": "Riverway stairs",
    "postcode": 55102,
    "city": "Saint Paul",
    "state": "Minnesota",
    "id": 24,
    "state_code": "MN"
  },
  {
    "original_Name": "Mississippi Petrified Forest",
    "formatted": "Mississippi Petrified Forest Airport, Petrified Forest Road, Flora, MS 39071, United States of America",
    "lat": 32.5195235,
    "lon": -90.3235605,
    "housenumber": "",
    "street": "Petrified Forest Road",
    "postcode": 39071,
    "city": "Flora",
    "state": "Mississippi",
    "id": 25,
    "state_code": "MS"
  },
  {
    "original_Name": "Carter County Museum",
    "formatted": "Carter County Museum, 306 Main Street, Ekalaka, MT 59324, United States of America",
    "lat": 45.890966649999996,
    "lon": -104.5464341,
    "housenumber": 306,
    "street": "Main Street",
    "postcode": 59324,
    "city": "Ekalaka",
    "state": "Montana",
    "id": 27,
    "state_code": "MT"
  },
  {
    "original_Name": "Glendive Dinosaur and Fossil Museum",
    "formatted": "Glendive Dinosaur & Fossil Museum, 139 State Street, Glendive, MT 59330, United States of America",
    "lat": 47.124976000000004,
    "lon": -104.6914197,
    "housenumber": 139,
    "street": "State Street",
    "postcode": 59330,
    "city": "Glendive",
    "state": "Montana",
    "id": 27,
    "state_code": "MT"
  },
  {
    "original_Name": "Great Plains Dinosaur Museum and Field Station",
    "formatted": "405 North 1st Street East, Malta, MT 59538, United States of America",
    "lat": 48.360577,
    "lon": -107.867852,
    "housenumber": 405,
    "street": "North 1st Street East",
    "postcode": 59538,
    "city": "Malta",
    "state": "Montana",
    "id": 27,
    "state_code": "MT"
  },
  {
    "original_Name": "Makoshika Dinosaur Museum",
    "formatted": "107 West Bell Street, Glendive, MT 59330, United States of America",
    "lat": 47.104476,
    "lon": -104.713999,
    "housenumber": 107,
    "street": "West Bell Street",
    "postcode": 59330,
    "city": "Glendive",
    "state": "Montana",
    "id": 27,
    "state_code": "MT"
  },
  {
    "original_Name": "Museum of the Rockies",
    "formatted": "Museum of the Rockies, 600 West Kagy Boulevard, Bozeman, MT 59717, United States of America",
    "lat": 45.6587309,
    "lon": -111.0456355,
    "housenumber": 600,
    "street": "West Kagy Boulevard",
    "postcode": 59717,
    "city": "Bozeman",
    "state": "Montana",
    "id": 27,
    "state_code": "MT"
  },
  {
    "original_Name": "The Montana Dinosaur Center",
    "formatted": "5 Central Avenue, Bynum, MT 59419, United States of America",
    "lat": 47.9787957,
    "lon": -112.3110226,
    "housenumber": 5,
    "street": "Central Avenue",
    "postcode": 59419,
    "city": "Bynum",
    "state": "Montana",
    "id": 27,
    "state_code": "MT"
  },
  {
    "original_Name": "Agate Fossil Beds National Monument",
    "formatted": "Agate Fossil Beds National Monument, Whistle Creek, NE, United States of America",
    "lat": 42.4217,
    "lon": -103.75389,
    "housenumber": "",
    "street": "",
    "postcode": "",
    "city": "Whistle Creek",
    "state": "Nebraska",
    "id": 28,
    "state_code": "NE"
  },
  {
    "original_Name": "University of Nebraska State Museum",
    "formatted": "Morrill Hall, 1335 U Street, Lincoln, NE 68588, United States of America",
    "lat": 40.8199558,
    "lon": -96.7018544,
    "housenumber": 1335,
    "street": "U Street",
    "postcode": 68588,
    "city": "Lincoln",
    "state": "Nebraska",
    "id": 28,
    "state_code": "NE"
  },
  {
    "original_Name": "Las Vegas Natural History Museum",
    "formatted": "Las Vegas Natural History Museum, 900 North Las Vegas Boulevard, Las Vegas, NV 89101, United States of America",
    "lat": 36.179898550000004,
    "lon": -115.1338175,
    "housenumber": 900,
    "street": "North Las Vegas Boulevard",
    "postcode": 89101,
    "city": "Las Vegas",
    "state": "Nevada",
    "id": 29,
    "state_code": "NV"
  },
  {
    "original_Name": "Ghost Ranch",
    "formatted": "376 Private Drive 1708, Abiquiu, NM 87510, United States of America",
    "lat": 36.3299031,
    "lon": -106.4740861,
    "housenumber": 376,
    "street": "Private Drive 1708",
    "postcode": 87510,
    "city": "Abiquiu",
    "state": "New Mexico",
    "id": 32,
    "state_code": "NM"
  },
  {
    "original_Name": "New Mexico Museum of Natural History and Science",
    "formatted": "New Mexico Museum of Natural History & Science, 1801 Mountain Road Northwest, Albuquerque, NM 87104, United States of America",
    "lat": 35.097896250000005,
    "lon": -106.6656466,
    "housenumber": 1801,
    "street": "Mountain Road Northwest",
    "postcode": 87104,
    "city": "Albuquerque",
    "state": "New Mexico",
    "id": 32,
    "state_code": "NM"
  },
  {
    "original_Name": "American Museum of Natural History",
    "formatted": "American Museum of Natural History, 180 Central Park West, New York, NY 10024, United States of America",
    "lat": 40.78110065,
    "lon": -73.9742362,
    "housenumber": 180,
    "street": "Central Park West",
    "postcode": 10024,
    "city": "New York",
    "state": "New York",
    "id": 33,
    "state_code": "NY"
  },
  {
    "original_Name": "Buffalo Museum of Science",
    "formatted": "Buffalo Museum of Science, 1 Humboldt Parkway South, Buffalo, NY 14211, United States of America",
    "lat": 42.9061285,
    "lon": -78.84339627,
    "housenumber": 1,
    "street": "Humboldt Parkway South",
    "postcode": 14211,
    "city": "Buffalo",
    "state": "New York",
    "id": 33,
    "state_code": "NY"
  },
  {
    "original_Name": "Museum of the Earth",
    "formatted": "Museum of the Earth, 1259 Trumansburg Road, Ithaca, NY 14850, United States of America",
    "lat": 42.466480450000006,
    "lon": -76.53580984,
    "housenumber": 1259,
    "street": "Trumansburg Road",
    "postcode": 14850,
    "city": "Town of Ithaca",
    "state": "New York",
    "id": 33,
    "state_code": "NY"
  },
  {
    "original_Name": "Greensboro Science Center",
    "formatted": "Greensboro Science Center, 4301 Lawndale Drive, Greensboro, NC 27455, United States of America",
    "lat": 36.130004150000005,
    "lon": -79.83377931,
    "housenumber": 4301,
    "street": "Lawndale Drive",
    "postcode": 27455,
    "city": "Greensboro",
    "state": "North Carolina",
    "id": 34,
    "state_code": "NC"
  },
  {
    "original_Name": "Museum of Life and Science",
    "formatted": "313 West Murray Avenue, Durham, NC 27704, United States of America",
    "lat": 36.028507,
    "lon": -78.897349,
    "housenumber": 313,
    "street": "West Murray Avenue",
    "postcode": 27704,
    "city": "Durham",
    "state": "North Carolina",
    "id": 34,
    "state_code": "NC"
  },
  {
    "original_Name": "North Carolina Museum of Natural Sciences",
    "formatted": "North Carolina Museum of Natural Sciences, 11 West Jones Street, Raleigh, NC 27601, United States of America",
    "lat": 35.7821583,
    "lon": -78.63950256,
    "housenumber": 11,
    "street": "West Jones Street",
    "postcode": 27601,
    "city": "Raleigh",
    "state": "North Carolina",
    "id": 34,
    "state_code": "NC"
  },
  {
    "original_Name": "Badlands Dinosaur Museum",
    "formatted": "Joachim Regional Museum, 188 Museum Drive East, Dickinson, ND 58601, United States of America",
    "lat": 46.8948108,
    "lon": -102.7834436,
    "housenumber": 188,
    "street": "Museum Drive East",
    "postcode": 58601,
    "city": "Dickinson",
    "state": "North Dakota",
    "id": 35,
    "state_code": "ND"
  },
  {
    "original_Name": "Cincinnati Museum Center",
    "formatted": "Cincinnati Union Terminal, 1301 Western Avenue, Cincinnati, OH 45203, United States of America",
    "lat": 39.1100035,
    "lon": -84.53780249,
    "housenumber": 1301,
    "street": "Western Avenue",
    "postcode": 45203,
    "city": "Cincinnati",
    "state": "Ohio",
    "id": 36,
    "state_code": "OH"
  },
  {
    "original_Name": "Cleveland Museum of Natural History",
    "formatted": "Cleveland Museum of Natural History, 1 Wade Oval Drive, Cleveland, OH 44106, United States of America",
    "lat": 41.511675249999996,
    "lon": -81.61297277,
    "housenumber": 1,
    "street": "Wade Oval Drive",
    "postcode": 44106,
    "city": "Cleveland",
    "state": "Ohio",
    "id": 36,
    "state_code": "OH"
  },
  {
    "original_Name": "Dinolandia",
    "formatted": "805 Southwest Broadway, Portland, OR 97205, United States of America",
    "lat": 45.5186139,
    "lon": -122.6802935,
    "housenumber": 805,
    "street": "Southwest Broadway",
    "postcode": 97205,
    "city": "Portland",
    "state": "Oregon",
    "id": 38,
    "state_code": "OR"
  },
  {
    "original_Name": "Academy of Natural Sciences of Drexel University",
    "formatted": "Academy of Natural Sciences of Drexel University, 1900 Benjamin Franklin Parkway, Philadelphia, PA 19103, United States of America",
    "lat": 39.956834799999996,
    "lon": -75.17127631,
    "housenumber": 1900,
    "street": "Benjamin Franklin Parkway",
    "postcode": 19103,
    "city": "Philadelphia",
    "state": "Pennsylvania",
    "id": 39,
    "state_code": "PA"
  },
  {
    "original_Name": "Carnegie Museum of Natural History",
    "formatted": "Carnegie Museum of Natural History, 4400 Forbes Avenue, Pittsburgh, PA 15213, United States of America",
    "lat": 40.443060450000004,
    "lon": -79.94994224,
    "housenumber": 4400,
    "street": "Forbes Avenue",
    "postcode": 15213,
    "city": "Pittsburgh",
    "state": "Pennsylvania",
    "id": 39,
    "state_code": "PA"
  },
  {
    "original_Name": "North Museum of Nature and Science",
    "formatted": "North Museum of Nature and Science, 400 College Avenue, Lancaster, PA 17603, United States of America",
    "lat": 40.0435449,
    "lon": -76.3201458,
    "housenumber": 400,
    "street": "College Avenue",
    "postcode": 17603,
    "city": "Lancaster",
    "state": "Pennsylvania",
    "id": 39,
    "state_code": "PA"
  },
  {
    "original_Name": "Mace Brown Museum of Natural History",
    "formatted": "Mace Brown Museum of Natural History, 202 Calhoun Street, Charleston, SC 29401, United States of America",
    "lat": 32.7848271,
    "lon": -79.9396382,
    "housenumber": 202,
    "street": "Calhoun Street",
    "postcode": 29401,
    "city": "Charleston",
    "state": "South Carolina",
    "id": 41,
    "state_code": "SC"
  },
  {
    "original_Name": "The Journey Museum and Learning Center",
    "formatted": "The Journey Museum, 222 New York Street, Rapid City, SD 57701, United States of America",
    "lat": 44.086504399999995,
    "lon": -103.2182918,
    "housenumber": 222,
    "street": "New York Street",
    "postcode": 57701,
    "city": "Rapid City",
    "state": "South Dakota",
    "id": 42,
    "state_code": "SD"
  },
  {
    "original_Name": "Brazos Valley Museum of Natural History",
    "formatted": "Bravos Valley Museum of Natural History, 3232 Briarcrest Drive, Bryan, TX 77802, United States of America",
    "lat": 30.666579300000002,
    "lon": -96.32093702,
    "housenumber": 3232,
    "street": "Briarcrest Drive",
    "postcode": 77802,
    "city": "Bryan",
    "state": "Texas",
    "id": 44,
    "state_code": "TX"
  },
  {
    "original_Name": "Dinosaur Valley State Park",
    "formatted": "Group Picnic Pavilion, Blue Hole Trail, Somervell County, TX 76043, United States of America",
    "lat": 32.2506895,
    "lon": -97.81835619,
    "housenumber": "",
    "street": "Blue Hole Trail",
    "postcode": 76043,
    "city": "",
    "state": "Texas",
    "id": 44,
    "state_code": "TX"
  },
  {
    "original_Name": "Heard Natural Science Museum and Wildlife Sanctuary",
    "formatted": "1 Nature Place, Mckinney, TX 75069, United States of America",
    "lat": 33.158373,
    "lon": -96.615217,
    "housenumber": 1,
    "street": "Nature Place",
    "postcode": 75069,
    "city": "Mckinney",
    "state": "Texas",
    "id": 44,
    "state_code": "TX"
  },
  {
    "original_Name": "Houston Museum of Natural Science",
    "formatted": "Houston Museum of Natural Science, 5555 Hermann Park Drive, Houston, TX 77030, United States of America",
    "lat": 29.7221014,
    "lon": -95.38990371,
    "housenumber": 5555,
    "street": "Hermann Park Drive",
    "postcode": 77030,
    "city": "Houston",
    "state": "Texas",
    "id": 44,
    "state_code": "TX"
  },
  {
    "original_Name": "Naranjo Museum of Natural History",
    "formatted": "Naranjo Museum of Natural History, 5104 South First Street, Lufkin, TX 75904, United States of America",
    "lat": 31.2684189,
    "lon": -94.7420745,
    "housenumber": 5104,
    "street": "South First Street",
    "postcode": 75904,
    "city": "Lufkin",
    "state": "Texas",
    "id": 44,
    "state_code": "TX"
  },
  {
    "original_Name": "Perot Museum of Nature and Science",
    "formatted": "Perot Museum of Nature and Science, 2201 North Field Street, Dallas, TX 75201, United States of America",
    "lat": 32.7869273,
    "lon": -96.80641085,
    "housenumber": 2201,
    "street": "North Field Street",
    "postcode": 75201,
    "city": "Dallas",
    "state": "Texas",
    "id": 44,
    "state_code": "TX"
  },
  {
    "original_Name": "BYU Museum of Paleontology",
    "formatted": "BYU Museum of Paleontology, 1683 North Canyon Road, Provo, UT 84602, United States of America",
    "lat": 40.25651255,
    "lon": -111.6570411,
    "housenumber": 1683,
    "street": "North Canyon Road",
    "postcode": 84602,
    "city": "Provo",
    "state": "Utah",
    "id": 45,
    "state_code": "UT"
  },
  {
    "original_Name": "Jurassic National Monument",
    "formatted": "5475 East Dinosaur Quarry Road, Emery County, UT 84518, United States of America",
    "lat": 39.32303,
    "lon": -110.6878,
    "housenumber": 5475,
    "street": "East Dinosaur Quarry Road",
    "postcode": 84518,
    "city": "",
    "state": "Utah",
    "id": 45,
    "state_code": "UT"
  },
  {
    "original_Name": "Natural History Museum of Utah",
    "formatted": "Natural History Museum Of Utah, 301 Wakara Way, Salt Lake City, UT 84108, United States of America",
    "lat": 40.7641107,
    "lon": -111.822614,
    "housenumber": 301,
    "street": "Wakara Way",
    "postcode": 84108,
    "city": "Salt Lake City",
    "state": "Utah",
    "id": 45,
    "state_code": "UT"
  },
  {
    "original_Name": "Thanksgiving Point",
    "formatted": "3539 North Bear Hollow Way, Lehi, UT 84048, United States of America",
    "lat": 40.431494,
    "lon": -111.902294,
    "housenumber": 3539,
    "street": "North Bear Hollow Way",
    "postcode": 84048,
    "city": "Lehi",
    "state": "Utah",
    "id": 45,
    "state_code": "UT"
  },
  {
    "original_Name": "USU Eastern Prehistoric Museum",
    "formatted": "159 East Main Street, Price, UT 84501, United States of America",
    "lat": 39.599733,
    "lon": -110.80787,
    "housenumber": 159,
    "street": "East Main Street",
    "postcode": 84501,
    "city": "Price",
    "state": "Utah",
    "id": 45,
    "state_code": "UT"
  },
  {
    "original_Name": "Utah Field House of Natural History State Park Museum",
    "formatted": "55 South 500 East, Vernal, UT 84078, United States of America",
    "lat": 40.455174,
    "lon": -109.518491,
    "housenumber": 55,
    "street": "South 500 East",
    "postcode": 84078,
    "city": "Vernal",
    "state": "Utah",
    "id": 45,
    "state_code": "UT"
  },
  {
    "original_Name": "Virginia Museum of Natural History",
    "formatted": "Virginia Museum of Natural History, 21 Starling Avenue, Martinsville, VA 24112, United States of America",
    "lat": 36.686538150000004,
    "lon": -79.86344162,
    "housenumber": 21,
    "street": "Starling Avenue",
    "postcode": 24112,
    "city": "Martinsville",
    "state": "Virginia",
    "id": 47,
    "state_code": "VA"
  },
  {
    "original_Name": "Burke Museum of Natural History and Culture",
    "formatted": "4473 Memorial Way Northeast, Seattle, WA 98195, United States of America",
    "lat": 47.6609713,
    "lon": -122.3098486,
    "housenumber": 4473,
    "street": "Memorial Way Northeast",
    "postcode": 98195,
    "city": "Seattle",
    "state": "Washington",
    "id": 48,
    "state_code": "WA"
  },
  {
    "original_Name": "Dinosaur Discovery Museum",
    "formatted": "Dinosaur Discovery Museum, 5608 10th Avenue, Kenosha, WI 53140, United States of America",
    "lat": 42.583846449999996,
    "lon": -87.82366237,
    "housenumber": 5608,
    "street": "10th Avenue",
    "postcode": 53140,
    "city": "Kenosha",
    "state": "Wisconsin",
    "id": 50,
    "state_code": "WI"
  },
  {
    "original_Name": "Milwaukee Public Museum",
    "formatted": "Milwaukee Public Museum, 800 West Wells Street, Milwaukee, WI 53233, United States of America",
    "lat": 43.0407156,
    "lon": -87.9213388,
    "housenumber": 800,
    "street": "West Wells Street",
    "postcode": 53233,
    "city": "Milwaukee",
    "state": "Wisconsin",
    "id": 50,
    "state_code": "WI"
  },
  {
    "original_Name": "UW–Madison Geology Museum",
    "formatted": "Weeks Hall for Geological Sciences, 1215 West Dayton Street, Madison, WI 53715, United States of America",
    "lat": 43.07055695,
    "lon": -89.40636405,
    "housenumber": 1215,
    "street": "West Dayton Street",
    "postcode": 53715,
    "city": "Madison",
    "state": "Wisconsin",
    "id": 50,
    "state_code": "WI"
  },
  {
    "original_Name": "Wyoming Dinosaur Center",
    "formatted": "Wyoming Dinosaur Center, 110 Carter Ranch Road, Thermopolis, WY 82443, United States of America",
    "lat": 43.6432368,
    "lon": -108.2005026,
    "housenumber": 110,
    "street": "Carter Ranch Road",
    "postcode": 82443,
    "city": "Thermopolis",
    "state": "Wyoming",
    "id": 51,
    "state_code": "WY"
  }
]